Keywords,JobSection
Admin,Admin Support
Supporter,Admin Support
Market,Admin Support
Product,Admin Support
Data,Admin Support
Transcription,Admin Support
Virtual,Admin Support
Project,Admin Support
Researcher,Admin Support
Reviewer,Admin Support
Entry,Admin Support
Services,Admin Support
Assistance,Admin Support
Management,Admin Support
Clerical,Admin Support
Scheduling,Admin Support
Organization,Admin Support
Documentation,Admin Support
Reports,Admin Support
Filing,Admin Support
Inbox,Admin Support
Email,Admin Support
Typing,Admin Support
Calendar,Admin Support
Tasks,Admin Support
Minutes,Admin Support
Meetings,Admin Support
Records,Admin Support
Editing,Admin Support
Proofreading,Admin Support
Tracking,Admin Support
Database,Admin Support
Planning,Admin Support
Communication,Admin Support
Coordination,Admin Support
Templates,Admin Support
Spreadsheets,Admin Support
Office,Admin Support
Specialist,Admin Support
Record ,Admin Support
Coaching,Accounting & Consulting
Bookkeeping,Accounting & Consulting
Financial,Accounting & Consulting
Training,Accounting & Consulting
Leadership,Accounting & Consulting
Planning,Accounting & Consulting
Finance,Accounting & Consulting
Recruiting,Accounting & Consulting
Human,Accounting & Consulting
Resources,Accounting & Consulting
Management,Accounting & Consulting
Consulting,Accounting & Consulting
Analysis,Accounting & Consulting
Mentoring,Accounting & Consulting
Development,Accounting & Consulting
Strategy,Accounting & Consulting
Performance,Accounting & Consulting
Hiring,Accounting & Consulting
Payroll,Accounting & Consulting
Budgeting,Accounting & Consulting
Evaluation,Accounting & Consulting
Guidance,Accounting & Consulting
Wellness,Accounting & Consulting
Compensation,Accounting & Consulting
Retention,Accounting & Consulting
Benefits,Accounting & Consulting
Growth,Accounting & Consulting
Advising,Accounting & Consulting
Conflict,Accounting & Consulting
Talent,Accounting & Consulting
Restructuring,Accounting & Consulting
Onboarding,Accounting & Consulting
Organization,Accounting & Consulting
HR,Accounting & Consulting
Humanitarian,Accounting & Consulting
Tax,Accounting & Consulting
Finance ,Accounting & Consulting
Accounting,Accounting & Consulting
Economics,Accounting & Consulting
Consultant,Accounting & Consulting
Instructor ,Accounting & Consulting
Account ,Accounting & Consulting
Customer,Customer Service 
Service,Customer Service 
Community,Customer Service 
Management,Customer Service 
Tagging,Customer Service 
Tech,Customer Service 
Support,Customer Service 
Helpdesk,Customer Service 
Communication,Customer Service 
Assistance,Customer Service 
Resolution,Customer Service 
Satisfaction,Customer Service 
Feedback,Customer Service 
Interaction,Customer Service 
Inbound,Customer Service 
Outbound,Customer Service 
Tickets,Customer Service 
Chat,Customer Service 
Calls,Customer Service 
Response,Customer Service 
Engagement,Customer Service 
Retention,Customer Service 
Experience,Customer Service 
Complaint,Customer Service 
Escalation,Customer Service 
CRM,Customer Service 
Listening,Customer Service 
Empathy,Customer Service 
Experience,Customer Service 
User,Customer Service 
Community,Customer Service 
Data,Data Science & Analytics 
Science,Data Science & Analytics 
Analytics,Data Science & Analytics 
Analysis,Data Science & Analytics 
Testing,Data Science & Analytics 
Extraction,Data Science & Analytics 
ETL,Data Science & Analytics 
Mining,Data Science & Analytics 
Management,Data Science & Analytics 
AI,Data Science & Analytics 
Machine,Data Science & Analytics 
Learning,Data Science & Analytics 
Statistics,Data Science & Analytics 
Modeling,Data Science & Analytics 
Classification,Data Science & Analytics 
Regression,Data Science & Analytics 
Prediction,Data Science & Analytics 
Forecasting,Data Science & Analytics 
Clustering,Data Science & Analytics 
Reduction,Data Science & Analytics 
Neural,Data Science & Analytics 
Networks,Data Science & Analytics 
Deep,Data Science & Analytics 
Language,Data Science & Analytics 
Processing,Data Science & Analytics 
Computer,Data Science & Analytics 
Vision,Data Science & Analytics 
Wrangling,Data Science & Analytics 
Cleaning,Data Science & Analytics 
Visualization,Data Science & Analytics 
Dashboards,Data Science & Analytics 
PowerBI,Data Science & Analytics 
Tableau,Data Science & Analytics 
Jupyter,Data Science & Analytics 
Notebooks,Data Science & Analytics 
Python,Data Science & Analytics 
R,Data Science & Analytics 
SQL,Data Science & Analytics 
TensorFlow,Data Science & Analytics 
Scikit,Data Science & Analytics 
Pandas,Data Science & Analytics 
NumPy,Data Science & Analytics 
Insight,Data Science & Analytics 
Metrics,Data Science & Analytics 
Features,Data Science & Analytics 
Training,Data Science & Analytics 
Validation,Data Science & Analytics 
Accuracy,Data Science & Analytics 
Evaluation,Data Science & Analytics 
Experimentation,Data Science & Analytics 
Scientist,Data Science & Analytics 
Research,Data Science & Analytics 
Risk,Data Science & Analytics 
Analyst,Data Science & Analytics 
Writing,Writing
Writer ,Writing
Marketing,Writing
Copywriting,Writing
Content,Writing
Editing,Writing
Proofreading,Writing
Services,Writing
Professional,Writing
Business,Writing
Books,Writing
Paper,Writing
Revise ,Writing
Design,Design & Creative 
Creative,Design & Creative 
Art,Design & Creative 
Illustration,Design & Creative 
Drawing,Design & Creative 
Sketch,Design & Creative 
Painting,Design & Creative 
Branding,Design & Creative 
Logo,Design & Creative 
Graphic,Design & Creative 
Poster,Design & Creative 
Flyer,Design & Creative 
Banner,Design & Creative 
Typography,Design & Creative 
Layout,Design & Creative 
Color,Design & Creative 
Palette,Design & Creative 
Style,Design & Creative 
Print,Design & Creative 
Digital,Design & Creative 
Concept,Design & Creative 
Composition,Design & Creative 
Storyboard,Design & Creative 
Animation,Design & Creative 
Motion,Design & Creative 
Editing,Design & Creative 
Rendering,Design & Creative 
Compositing,Design & Creative 
Video,Design & Creative 
Audio,Design & Creative 
Music,Design & Creative 
Production,Design & Creative 
Direction,Design & Creative 
Photography,Design & Creative 
Cinematography,Design & Creative 
Lighting,Design & Creative 
Modeling,Design & Creative 
Sculpting,Design & Creative 
3D,Design & Creative 
UI,Design & Creative 
UX,Design & Creative 
Interface,Design & Creative 
Experience,Design & Creative 
Wireframe,Design & Creative 
Prototype,Design & Creative 
Mockup,Design & Creative 
Web,Design & Creative 
Mobile,Design & Creative 
App,Design & Creative 
Product,Design & Creative 
Visuals,Design & Creative 
Media,Design & Creative 
Content,Design & Creative 
Creation,Design & Creative 
Assets,Design & Creative 
Styleframes,Design & Creative 
Illustrator,Design & Creative 
Photoshop,Design & Creative 
Figma,Design & Creative 
Canva,Design & Creative 
InDesign,Design & Creative 
TikTok,Design & Creative 
YouTube,Design & Creative 
NFT,Design & Creative 
AR,Design & Creative 
VR,Design & Creative 
Game,Design & Creative 
Presentation,Design & Creative 
Editorial,Design & Creative 
Performing,Design & Creative 
Arts,Design & Creative 
Designer ,Design & Creative 
2D,Design & Creative 
Legal,Legal
Corporate,Legal
Law,Legal
Contract,Legal
International,Legal
Immigration,Legal
Finance,Legal
Tax,Legal
Public,Legal
Compliance,Legal
Litigation,Legal
Regulatory,Legal
Intellectual,Legal
Property,Legal
Trademark,Legal
Copyright,Legal
Dispute,Legal
Resolution,Legal
Judicial,Legal
Commercial,Legal
Bankruptcy,Legal
Employment,Legal
Labor,Legal
Civil,Legal
Criminal,Legal
Securities,Legal
Mediation,Legal
Arbitration,Legal
Governance,Legal
Notary,Legal
Estate,Legal
Trusts,Legal
Patent,Legal
Legaltech,Legal
Drafting,Legal
Filing,Legal
Advisory,Legal
Appeals,Legal
Lawsuit,Legal
Briefs,Legal
Laws,Legal
Constitution,Legal
Statutes,Legal
Counsel,Legal
Jurisdiction,Legal
Representation,Legal
Casework,Legal
Sales,Sales & Marketing
Marketing,Sales & Marketing
Digital,Sales & Marketing
SEO,Sales & Marketing
Research,Sales & Marketing
Keyword,Sales & Marketing
Lead,Sales & Marketing
Generation,Sales & Marketing
Telemarketing,Sales & Marketing
PR,Sales & Marketing
Brand,Sales & Marketing
Strategy,Sales & Marketing
Campaign,Sales & Marketing
Content,Sales & Marketing
Traffic,Sales & Marketing
Engagement,Sales & Marketing
Conversion,Sales & Marketing
Funnel,Sales & Marketing
Promotion,Sales & Marketing
Outreach,Sales & Marketing
Targeting,Sales & Marketing
Audience,Sales & Marketing
Ads,Sales & Marketing
Advertising,Sales & Marketing
Copywriting,Sales & Marketing
Retention,Sales & Marketing
Acquisition,Sales & Marketing
Email,Sales & Marketing
Social,Sales & Marketing
Media,Sales & Marketing
Influencer,Sales & Marketing
Automation,Sales & Marketing
Analytics,Sales & Marketing
Performance,Sales & Marketing
Click,Sales & Marketing
Leads,Sales & Marketing
CRM,Sales & Marketing
Landing,Sales & Marketing
Optimization,Sales & Marketing
Growth,Sales & Marketing
Outreach,Sales & Marketing
Trends,Sales & Marketing
Insights,Sales & Marketing
Budgeting,Sales & Marketing
Revenue,Sales & Marketing
Tracking,Sales & Marketing
Cold,Sales & Marketing
Pitching,Sales & Marketing
Calls,Sales & Marketing
Representative,Sales & Marketing
Product,Sales & Marketing
Typeform,Sales & Marketing
Alchemer ,Sales & Marketing
Automation,Sales & Marketing
Business,Sales & Marketing
Development,Sales & Marketing
Software,"Web, Mobile & Sofware Development"
Development,"Web, Mobile & Sofware Development"
Blockchain,"Web, Mobile & Sofware Development"
NFT,"Web, Mobile & Sofware Development"
Cryptocurrency,"Web, Mobile & Sofware Development"
AI,"Web, Mobile & Sofware Development"
Apps,"Web, Mobile & Sofware Development"
Integration,"Web, Mobile & Sofware Development"
Desktop,"Web, Mobile & Sofware Development"
Application,"Web, Mobile & Sofware Development"
Bug,"Web, Mobile & Sofware Development"
Fixing,"Web, Mobile & Sofware Development"
App,"Web, Mobile & Sofware Development"
Testing,"Web, Mobile & Sofware Development"
Ecommerce,"Web, Mobile & Sofware Development"
Game,"Web, Mobile & Sofware Development"
Developer,"Web, Mobile & Sofware Development"
Mobile,"Web, Mobile & Sofware Development"
Frontend ,"Web, Mobile & Sofware Development"
Backend,"Web, Mobile & Sofware Development"
Scrum,"Web, Mobile & Sofware Development"
QA,"Web, Mobile & Sofware Development"
Scripts,"Web, Mobile & Sofware Development"
Utilities,"Web, Mobile & Sofware Development"
Web,"Web, Mobile & Sofware Development"
Python,"Web, Mobile & Sofware Development"
React,"Web, Mobile & Sofware Development"
Javascript,"Web, Mobile & Sofware Development"
API,"Web, Mobile & Sofware Development"
Shopify,"Web, Mobile & Sofware Development"
WordPress,"Web, Mobile & Sofware Development"
Java,"Web, Mobile & Sofware Development"
C++,"Web, Mobile & Sofware Development"
C#,"Web, Mobile & Sofware Development"
TypeScript,"Web, Mobile & Sofware Development"
HTML,"Web, Mobile & Sofware Development"
CSS,"Web, Mobile & Sofware Development"
SQL,"Web, Mobile & Sofware Development"
Node,"Web, Mobile & Sofware Development"
Vue,"Web, Mobile & Sofware Development"
Django,"Web, Mobile & Sofware Development"
Git,"Web, Mobile & Sofware Development"
GitHub,"Web, Mobile & Sofware Development"
Next,"Web, Mobile & Sofware Development"
Angular,"Web, Mobile & Sofware Development"
Flutter,"Web, Mobile & Sofware Development"
Kotlin,"Web, Mobile & Sofware Development"
Swift,"Web, Mobile & Sofware Development"
Firebase,"Web, Mobile & Sofware Development"
MongoDB,"Web, Mobile & Sofware Development"
PostgreSQL,"Web, Mobile & Sofware Development"
Redis,"Web, Mobile & Sofware Development"
Express,"Web, Mobile & Sofware Development"
Tailwind,"Web, Mobile & Sofware Development"
Bootstrap,"Web, Mobile & Sofware Development"
Jenkins,"Web, Mobile & Sofware Development"
Docker,"Web, Mobile & Sofware Development"
Kubernetes,"Web, Mobile & Sofware Development"
Linux,"Web, Mobile & Sofware Development"
Terminal,"Web, Mobile & Sofware Development"
Command,"Web, Mobile & Sofware Development"
Shell,"Web, Mobile & Sofware Development"
CI,"Web, Mobile & Sofware Development"
CD,"Web, Mobile & Sofware Development"
Agile,"Web, Mobile & Sofware Development"
DevOps,"Web, Mobile & Sofware Development"
MVC,"Web, Mobile & Sofware Development"
OOP,"Web, Mobile & Sofware Development"
REST,"Web, Mobile & Sofware Development"
GraphQL,"Web, Mobile & Sofware Development"
Security,"Web, Mobile & Sofware Development"
Testing,"Web, Mobile & Sofware Development"
Debugging,"Web, Mobile & Sofware Development"
Deployment,"Web, Mobile & Sofware Development"
Cyber,"Web, Mobile & Sofware Development"
Senior ,"Web, Mobile & Sofware Development"
Staff,"Web, Mobile & Sofware Development"
Full,"Web, Mobile & Sofware Development"
Stack,"Web, Mobile & Sofware Development"
Principal,"Web, Mobile & Sofware Development"
JS,"Web, Mobile & Sofware Development"
Quality ,"Web, Mobile & Sofware Development"
Assurance ,"Web, Mobile & Sofware Development"
Translation,Translation
Language,Translation
Tutoring,Translation
Interpretation,Translation
Localization,Translation
Services,Translation
Translate,Translation
Annotation,Translation
Transcribe,Translation
French,Translation
Japanese,Translation
English,Translation
German,Translation
Spanish,Translation
Chinese,Translation
Arabic,Translation
Portuguese,Translation
Russian,Translation
Korean,Translation
Editing,Translation
Proofreading,Translation
Voiceover,Translation
Subtitles,Translation
Multilingual,Translation
Grammar,Translation
Linguistics,Translation
Fluency,Translation
Dialects,Translation
Terminology,Translation
Context,Translation
Accuracy,Translation
Native,Translation
Fluent,Translation
Reading,Translation
Writing,Translation
Speaking,Translation
Interpreter,Translation
Writer ,Translation
Translator ,Translation
Transliteration,Translation
Annotator ,Translation
IT,IT & Networking 
Networking,IT & Networking 
Database,IT & Networking 
Management,IT & Networking 
Administration,IT & Networking 
ERP,IT & Networking 
CRM,IT & Networking 
Software,IT & Networking 
Information,IT & Networking 
Security,IT & Networking 
Compliance,IT & Networking 
Network,IT & Networking 
System,IT & Networking 
DevOps,IT & Networking 
Solution,IT & Networking 
Architecture,IT & Networking 
Ecommerce ,IT & Networking 
Cloud,IT & Networking 
Server,IT & Networking 
Linux,IT & Networking 
Windows,IT & Networking 
Support,IT & Networking 
Helpdesk,IT & Networking 
Monitoring,IT & Networking 
Firewall,IT & Networking 
Routing,IT & Networking 
Switching,IT & Networking 
Protocols,IT & Networking 
Virtualization,IT & Networking 
Storage,IT & Networking 
Backup,IT & Networking 
Recovery,IT & Networking 
Configuration,IT & Networking 
Deployment,IT & Networking 
Automation,IT & Networking 
Scripts,IT & Networking 
Access,IT & Networking 
Control,IT & Networking 
Integration,IT & Networking 
Troubleshooting,IT & Networking 
Latency,IT & Networking 
Bandwidth,IT & Networking 
Performance,IT & Networking 
DNS,IT & Networking 
IP,IT & Networking 
VPN,IT & Networking 
TCP,IT & Networking 
Firewall,IT & Networking 
Load,IT & Networking 
Balancing,IT & Networking 
Scalability,IT & Networking 
Maintenance,IT & Networking 
Upgrade,IT & Networking 
Patch,IT & Networking 
Technical,IT & Networking 
Fintech,IT & Networking 
Insurance ,Accounting & Consulting
Engineering,Engineering & Architecture 
Architecture,Engineering & Architecture 
Building,Engineering & Architecture 
Landscape,Engineering & Architecture 
Chemical,Engineering & Architecture 
Civil,Engineering & Architecture 
Structural,Engineering & Architecture 
Contract,Engineering & Architecture 
Manufacturing,Engineering & Architecture 
Electrical,Engineering & Architecture 
Electronic,Engineering & Architecture 
Interior,Engineering & Architecture 
Design,Engineering & Architecture 
Trade,Engineering & Architecture 
Show,Engineering & Architecture 
Energy,Engineering & Architecture 
Mechanical,Engineering & Architecture 
Physical,Engineering & Architecture 
Sciences,Engineering & Architecture 
3D,Engineering & Architecture 
Modeling,Engineering & Architecture 
CAD,Engineering & Architecture 
Blueprints,Engineering & Architecture 
Drafting,Engineering & Architecture 
Surveying,Engineering & Architecture 
Construction,Engineering & Architecture 
Planning,Engineering & Architecture 
Zoning,Engineering & Architecture 
Urban,Engineering & Architecture 
Designing,Engineering & Architecture 
Infrastructure,Engineering & Architecture 
HVAC,Engineering & Architecture 
Automation,Engineering & Architecture 
Robotics,Engineering & Architecture 
Materials,Engineering & Architecture 
Systems,Engineering & Architecture 
Dynamics,Engineering & Architecture 
Statics,Engineering & Architecture 
Simulation,Engineering & Architecture 
Calculations,Engineering & Architecture 
Blueprint,Engineering & Architecture 
Sketches,Engineering & Architecture 
Specifications,Engineering & Architecture 
Bridges,Engineering & Architecture 
Foundations,Engineering & Architecture 
Drawings,Engineering & Architecture 
Testing,Engineering & Architecture 
Inspection,Engineering & Architecture 
Code,Engineering & Architecture 
Compliance,Engineering & Architecture 
Advanced ,Engineering & Architecture 
Math,Engineering & Architecture 
Number,Engineering & Architecture 
Numerical,Engineering & Architecture 
Energy,Engineering & Architecture 
